,author,PhD publication year,university name,country name,PhD title,subject,number of mentors,mentors,number of students,students
0,Mohamed  Abdel-Nasser,2016,Universitat Rovira i Virgili,Spain,Development of advanced computer methods for breast cancer image interpretation through texture and temporal evolution analysis,68—Computer science,1,['Antonio  Moreno'],0,[]
1,Joaquín  Adiego,2004,Universidad de Valladolid,Spain,"La Estructura de los Documentos en el \'Ambito de Recuperaci\'on de Informaci\'on: Propuestas para su Compresi\'on, Indexaci\'on y Recuperaci\'on",68—Computer science,2,"['Pablo  de la Fuente', 'Gonzalo  Navarro']",0,[]
2,Mauricio Fernando Alba-Castro,2011,Universitat de València,Spain,Abstract Certification of Java Programs in Rewriting Logic,68—Computer science,2,"['María  Alpuente', 'Santiago  Escobar']",0,[]
3,Elvira  Albert,2001,Universitat Politècnica de València,Spain,"Partial Evaluation of Multi-Paradigm Declarative Languages: Foundations, Control, Algorithms and Efficiency",68—Computer science,2,"['German  Vidal', 'María  Alpuente']",2,"['Gómez-Zamalloa, Miguel', 'Román Díez, Guillermo']"
4,Alexandre  Albore,2011,Universitat Pompeu Fabra,Spain,"Translation-Based Approaches to Automated Planning with Incomplete
Information and Sensing",68—Computer science,1,['Hector Alberto Geffner'],0,[]
5,Pedro  Almagro Blanco,2017,Universidad de Sevilla,Spain,Descubrimiento de Conocimiento en Grafos Multi-Relacionales,68—Computer science,1,['Fernando  Sancho Caparrini'],0,[]
6,Matias  Alvarado,1998,Universitat Politècnica de Catalunya,Spain,An Approach to Knowledge and Belief Based on Kleene Strong Logic,68—Computer science,1,['Gustavo  Núñez'],4,"['Altamirano-Robles, Luis', 'Gama Moreno, Luis', 'García Lamont, Farid', 'Yee-Rendón, Arturo']"
7,Luz Deicy Alvarado Nieto,2002,Universidad de Oviedo,Spain,Tutores inteligentes basados en mecanismos e aprendizaje automático,68—Computer science,1,['J. Secundino  López García'],0,[]
8,Ihosvany  Alvarez-Lopez,2006,Universidad de Granada,Spain,"Aportaciones al diseño e implementación de controladores difusos:
Aplicación al curado del tabaco en hoja",68—Computer science,2,"['Orestes  Llanes-Santiago', 'Jose Luis  Verdegay']",0,[]
9,Agustin  Alvarez-Marquina,1999,Universidad Politécnica de Madrid,Spain,"Aportación a la extracción paramétrica en reconocimiento de voz robusto
basada en la aplicación de conocimiento de Fonética Acústica",68—Computer science,1,['Pedro  Gómez-Vilda'],0,[]
10,Diego  Andina,1995,Universidad Politécnica de Madrid,Spain,Optimización de detectores neuronales. Aplicación a radar y sonar,68—Computer science,1,['Unknown'],1,"['Jevtić, Aleksandar']"
11,Gustavo  Andrade-Miranda,2017,Universidad Politécnica de Madrid,Spain,"Analyzing the Vocal Folds Dynamics
Using Laryngeal Videos",68—Computer science,1,['Juan Ignacio Godino-Llorente'],0,[]
12,Ewa  Andrejczuk,2018,institut d'investigació en intel·ligència artificial,Spain,Artificial intelligence methods to support people management in organisations,68—Computer science,2,"['Carles  Sierra', 'Juan-Antonio  Rodriguez-Aguilar']",0,[]
13,Cecilio  Angulo,2001,Universitat Politècnica de Catalunya,Spain,Aprendizaje con màquinas núcleo en entornos de multiclasificación,68—Computer science,1,['Andreu  Català'],1,"['Ruiz Vegas, Francisco Javier']"
14,Josep-Lluis  Arcos,1997,Universitat Politècnica de Catalunya,Spain,The Noos Representation Language,68—Computer science,1,['Enric  Plaza'],5,"['Fernandez-Marquez, Jose Luis', 'Grachten, Maarten', 'Mulayim, Mehmet Oguz', 'Ozaslan, Tan', 'Sanchez-Pinsach, David']"
15,Jesus  Arias Fisteus,2005,Universidad Carlos III de Madrid,Spain,Definición de un Modelo Formal para la Verificación de Procesos de Negocio,68—Computer science,1,['Carlos  Delgado Kloos'],0,[]
16,Julián David Arias-Londoño,2010,Universidad Nacional de Colombia and Universidad Politécnica de Madrid,Colombia,"Stochastic characterization of nonlinear
dynamics for the automatic evaluation of
voice quality",68—Computer science,2,"['Juan Ignacio Godino-Llorente', 'César Germán Castellanos-Domínguez']",0,[]
17,Eva  Armengol,1997,Universitat Politècnica de Catalunya,Spain,A Framework for Integrated Learning and Problem Solving,68—Computer science,1,['Enric  Plaza'],0,[]
18,Tiago da Cruz Asmus,2022,Universidad Publica de Navarra,Spain,"A framework for general fusion processes under uncertainty modeling control, with an application in interval-valued fuzzy rule-based classification systems",68—Computer science,2,"['Graçaliz Pereira Dimuro', 'Humberto Nicanor Bustince-Sola']",0,[]
19,Manuel  Baena-García,2011,Universidad de Málaga,Spain,"Algoritmos, estructuras y heurísticos para minería de cadenas",68—Computer science,1,['Rafael  Morales-Bueno'],1,"['Carmona-Cejudo, José M.']"
20,Michele  Baggi,2010,Universitat Politècnica de València,Spain,Rule-based Methodologies for the Specification and Analysis of Complex Computing Systems,68—Computer science,2,"['María  Alpuente', 'Moreno  Falaschi']",0,[]
21,Joaquin  Ballesteros,2017,Universidad de Málaga,Spain,Navigation system using passive collaborative control adapted to user profile for a rollator device,68—Computer science,1,['Cristina  Urdiales'],0,[]
22,Guillermo  Barrutieta Anduiza,2004,Universidad de Deusto,Spain,Selección de contenidos a partir de un corpus enriquecido y especializado para la generación personalizada de documentos,68—Computer science,2,"['Josuka  Dí\xadaz-Labrador', 'Joseba  Abaitua Odriozola']",0,[]
23,Montserrat  Batet,2011,Universitat Rovira i Virgili,Spain,Ontology Based Semantic Clustering,68—Computer science,2,"['Aida  Valls', 'Karina  Gibert']",0,[]
24,Atilim Gunes Baydin,2013,Universidad Autónoma de Barcelona,Spain,"Evolutionary Adaptation in Case-Based Reasoning: An application to
cross-domain analogies for mediation",68—Computer science,1,['Ramon  Lopez de Mantaras'],2,"['Gram-Hansen, Bradley', 'Szenicer, Alexandre']"
25,Javier  Bejar,1995,Universitat Politècnica de Catalunya,Spain,Adquisicion de Conocimiento en Dominios poco Estructurados,68—Computer science,1,['Ulises  Cortés'],2,"['Cortés, Atia', 'Manero, Jaume']"
26,José Manuel  Benítez Sánchez,1998,Universidad de Granada,Spain,Extracción de reglas difusas con y de redes neuronales artificiales,68—Computer science,1,['Ignacio  Requena Ramos'],0,[]
27,Roberto  Berjón Gallinas,2006,Universidad de Deusto,Spain,XDS: nuevo sistema para la integración de fuentes heterogéneas de información con XML,68—Computer science,2,"['Mª José  Gil Larrea', 'Ana  Fermoso García']",0,[]
28,Alberto  Blanco-Justicia,2017,Universitat Rovira i Virgili,Spain,Cryptographic protocols for privacy-aware and secure e-commerce,68—Computer science,1,['Josep  Domingo-Ferrer'],0,[]
29,Jesus  Bobadilla-Sancho,1998,Universidad Politécnica de Madrid,Spain,"Desarrollo de Algoritmos basados en Filtrado Adaptativo y su aplicación en
el estudio de la Fonética Acústica Española",68—Computer science,1,['Pedro  Gómez-Vilda'],0,[]
30,John Alexander Bohada,2012,Universitat Politècnica de Catalunya,Spain,"Automatic Production and Integration of Knowledge to the Support of the Decision and Planning Activities in Medical-Clinical Diagnosis, Treatment and Prognosis",68—Computer science,1,['David  Riano'],0,[]
31,Cruz Enrique  Borges Hernández,2011,Universidad de Cantabria,Spain,"Programación Genética, Algoritmos Evolutivos y Aprendizaje Inductivo: Hacia una solución al problema xvii de Smale en el caso real",68—Computer science,2,"['Luis Miguel  Pardo', 'Jose Luis  Montaña Arnaiz']",2,"['Kamara-Esteban, Oihane', 'Pijoan Lamas, Ander']"
32,Joan  Borràs,2015,Universitat Rovira i Virgili,Spain,Semantic Recommender Systems. Provision of personalised information about tourist activities,68—Computer science,2,"['Antonio  Moreno', 'Aida  Valls']",0,[]
33,Joan  Borrell i Viader,1997,Universidad Autónoma de Barcelona,Spain,Study and development of a cryptographic scheme to carry out secure voting on a local network,68—Computer science,1,['Josep  Rifà i Coma'],1,"['Garcia Alfaro, Joaquin']"
34,Ismel  Brito,2007,Universitat Politècnica de Catalunya,Spain,Distributed Constraint Satisfaction,68—Computer science,1,['Pedro  Meseguer'],0,[]
35,Julio  Brito-Santana,2012,Universidad de La Laguna,Spain,"Optimización de rutas de distribución con información y restricciones
difusas",68—Computer science,2,"['Jose-Andres  Moreno-Perez', 'Jose Luis  Verdegay']",0,[]
36,Lucas  Bueno Ruas de Oliveira,2016,Université de Bretagne-Sud and Instituto de Ciencias Matemáticas,France,Conception architecturale des systèmes robotiques orientée services / Architectural design of service-oriented robotic systems,68—Computer science,1,['Unknown'],0,[]
37,David  Buján,2016,Universidad de Deusto,Spain,Nuevas capacidades en el descubrimiento de recursos grid basadas en tecnologías semánticas,68—Computer science,2,"['Oscar  Corcho', 'Josuka  Dí\xadaz-Labrador']",0,[]
38,Didac  Busquets,2003,Universitat Politècnica de Catalunya,Spain,A Multiagent Approach to Qualitative Navigation in Robotics,68—Computer science,2,"['Ramon  Lopez de Mantaras', 'Carles  Sierra']",3,"['Muñoz Solà, Víctor', 'Murillo-Espinar, Javier', 'Petruzzi, Patricio']"
39,José Antonio  Cabezas,1994,Universidad de Salamanca,Spain,Programa numerico para determinar todas las soluciones del problema de posicion inverso en cualquier manipulador con seis pares,68—Computer science,2,"['Felipe  Montoya', 'Eduardo  Ruiz']",0,[]
40,Diego  Cabrera Mendieta,2018,Universidad de Sevilla,Spain,Modelado de Sistemas Dinámicos con Machine Learning: Aplicaciones al Mantenimiento Basado en la Condición,68—Computer science,1,['Fernando  Sancho Caparrini'],0,[]
41,Daniel Hugo  Cámpora-Pérez,2019,Universidad de Sevilla and CERN,Spain,Optimization of High-Throughput Real-Time Processes in Physics Reconstruction,68—Computer science,2,"['Agustín  Riscos-Núñez', 'Niko  Neufeld']",0,[]
42,Javier  Campos,1990,Universidad de Zaragoza,Spain,Performance Bounds for Synchronized Queueing Networks,68—Computer science,1,['Manuel  Silva'],0,[]
43,Jordi  Campos,2011,Universidad de Barcelona,Spain,Adaptive Organisation Centered Multi-Agent Systems,68—Computer science,2,"['Maite  Lopez-Sanchez', 'Marc  Esteva']",0,[]
44,Santiago  Canales,2004,Universidad Politécnica de Madrid,Spain,"Métodos heurísticos en problemas geométricos: Visibilidad, iluminación y vigilancia",68—Computer science,1,['Gregorio  Hernández-Peñalver'],0,[]
45,Antonio  Cano Gómez,2003,Université Paris Diderot - Paris 7 and Universitat Politècnica de València,France,Semigroupes ordonnés et opérations sur les langages rationnels,68—Computer science,2,"['Jean-Eric  Pin', 'José  Ruiz Ochando']",0,[]
46,José M.  Carmona-Cejudo,2013,Universidad de Málaga,Spain,"Nuevas tendencias en fundamentos teóricos y aplicaciones de la minería de
datos aplicada a la clasificación de textos en lenguaje natural",68—Computer science,2,"['Rafael  Morales-Bueno', 'Manuel  Baena-García']",0,[]
47,Ana  Casali,2008,Universitat de Girona,Spain,On Intentional and Social Agents with Graded Attitudes,68—Computer science,2,"['Carles  Sierra', 'Lluís  Godo Lacasa']",0,[]
48,Jordi  Castellà-Roca,2005,Universidad Autónoma de Barcelona,Spain,Contributions to Mental Poker,68—Computer science,2,"['Josep  Domingo-Ferrer', 'Francesc  Sebé Feixas']",2,"['Jardí-Cedó, Roger', 'Romero-Tris, Cristina']"
49,Pablo  Castells,1994,Universidad Autónoma de Madrid,Spain,Heurísticas y metaconocimiento en resolución automática de problemas de matemáticas,68—Computer science,1,['Roberto  Moriyón'],0,[]
50,Juan Luis  Castro,1991,Universidad de Granada,Spain,Contribución al estudio de modelos lógicos para la inteligencia artificial,68—Computer science,1,['Enric  Trillas'],0,[]
51,David  Castro-Esteban,2001,Universidad de Cantabria,Spain,Sobre la Complejidad de la Representacion de Variedades Algebraicas,68—Computer science,1,['Luis Miguel  Pardo'],0,[]
52,Andreu  Català,1993,Universitat Politècnica de Catalunya,Spain,Connectionist Approach to the Optimal Separation between Classes in the Bayesian Sense,68—Computer science,2,"['Josep  Aguilar-Martin', 'Josep  Fuertes']",1,"['Angulo, Cecilio']"
53,Matteo  Cavaliere,2006,Universidad de Sevilla,Spain,"Evolution, Communication, Observation: From Biology to Membrane Computing and Back",68—Computer science,2,"['Mario Jesús Pérez-Jiménez', 'Gheorghe  Păun']",1,"['Sedwards, Sean']"
54,Miguel  Cazorla,2000,Universidad de Alicante,Spain,Un enfoque bayesiano para la extracción de caracteràsticas y agrupamiento en visión artificial,68—Computer science,1,['Francisco  Escolano'],0,[]
55,Luigi  Ceccaroni,2001,Universitat Politècnica de Catalunya,Spain,ONTOWEDSS- An Ontology-Based Environmental Decision Support System for the Management of Wastewater Treatment Plants,68—Computer science,2,"['Ulises  Cortés', 'Miquel  Sànchez-Marrè']",4,"['Codina, Victor', 'Pons Freixas, Sergi', 'Simón Cuevas, Alfredo', 'Subirats, Laia']"
56,Ana  Cerdeira,2013,Universidade da Coruña,Spain,Compressed Self-Indexed XML Representation with Efficient XPath Evaluation,68—Computer science,2,"['Nieves  Brisaboa', 'Gonzalo  Navarro']",0,[]
57,Jesus  Cerquides,2003,Universitat Politècnica de Catalunya,Spain,Improving Bayesian Networks Classifiers,68—Computer science,1,['Ramon  Lopez de Mantaras'],6,"['Capdevila, Joan', 'Giovanucci, Andrea', 'Penya-Alba, Toni', 'Pujol, Marc', 'Ribes, Arturo', 'Vinyals, Meritxell']"
58,Jesús Miguel  Chacón,2006,Universidad de Castilla - La Mancha,Spain,Procesado de gemetria en cagd mediante S-series,68—Computer science,1,['Javier  Sánchez-Reyes'],0,[]
59,Isaac  Chao,2008,Universitat Politècnica de Catalunya,Spain,A Group Selection Pattern for Multiagent Systems and Its Application to Grid Computing,68—Computer science,2,"['Ramon  Sanguesa', 'Óscar  Ardáiz']",0,[]
60,Francisco  Chiclana,2000,Universidad de Granada,Spain,"The Integration of Different Fuzzy Preference Structures in Decision Making
Problems with Multiple Experts",68—Computer science,2,"['Enrique  Herrera-Viedma', 'Francisco  Herrera']",0,[]
61,Pablo  Chico de Guzmán,2012,Universidad Politécnica de Madrid,Spain,Estrategias Avanzadas de Tabulación y Paralelismo en Programas Lógicos,68—Computer science,2,"['Manuel  Carro Liñares', 'Manuel V. Hermenegildo Salinas']",0,[]
62,Hepzibah A. Christinal,2011,Universidad de Sevilla,Spain,Membrane Computing and Computational Algebraic Topology. Applications to Digital Image,68—Computer science,2,"['Daniel  Díaz Pernil', 'Pedro  Real Jurado']",0,[]
63,Buenaventura  Clares,1983,Universidad de Granada,Spain,Maquinas de Turing borrosas y modelos de W-calculabilidad,68—Computer science,1,['Miguel  Delgado Calvo-Flores'],0,[]
64,Victor  Codina,2014,Universitat Politècnica de Catalunya,Spain,"Exploiting Distributional Semantics for Content-Based and Context-Aware
Recommendation",68—Computer science,1,['Luigi  Ceccaroni'],0,[]
65,Eduardo René Concepción Morales,2010,University of the Basque Country and Universidad de Cienfuegos,Spain,Contribuciones a la segmentacion de imagenes mediante algoritmos de clasificacion automatica,68—Computer science,1,['Yosu  Yurramendi'],0,[]
66,Roberto  Confalonieri,2011,Universitat Politècnica de Catalunya,Spain,"The Role of Preferences in Logic Programming: Non-monotonic Reasoning, User Preferences, Decision under Uncertainty",68—Computer science,2,"['Javier  Vazquez-Salceda', 'Juan Carlos Nieves']",0,[]
67,Francisco J. Correa-Zabala,2002,Universitat Politècnica de València,Spain,Declarative Debugging of Functional Logic Programs,68—Computer science,1,['María  Alpuente'],0,[]
68,Atia  Cortés,2018,Universitat Politècnica de Catalunya,Spain,Human-smart rollator interaction ofr gait analysis and fall prevention using learning methods and the i-Walker,68—Computer science,2,"['Javier  Bejar', 'Antonio  Martinez-Velasco']",0,[]
69,Ulises  Cortés,1984,Universitat Politècnica de Catalunya,Spain,"Multi-level Schema for the Interactive Acquisition, Representation and Processing of Knowledge in 3-D Scenarios",68—Computer science,1,['Ramon  Lopez de Mantaras'],24,"['Annicchiarico, Roberta', 'Aulinas Masó, Montse', 'Barrué Subirana, Cristian', 'Bejar, Javier', 'Ceccaroni, Luigi', 'Dí\xadaz-Labrador, Josuka', 'Garcia-Gasulla, Dario', 'Gibert, Karina', 'Manero, Jaume', 'Martin, Mario', 'Moreno, Antonio', 'Nieves, Juan', 'Núñez, Gustavo', 'Olvera, Claudia', 'Riano, David', 'Rojo, Emili', 'Roure, Josep', 'Sànchez-Marrè, Miquel', 'Sanguesa, Ramon', 'Tolchinsky, Pancho', 'Torra, Vicenc', 'Turon Planella, Claudia', 'Urdiales, Cristina', 'Vazquez-Salceda, Javier']"
70,Natalia  Criado,2012,Universitat Politècnica de València,Spain,Using Norms to Control Open Multi-agent Systems,68—Computer science,3,"['Vicente  Botti', 'Estefania  Argente', 'Pablo  Noriega']",0,[]
71,Carmelo  Cuenca,2004,Universidad de Las Palmas de Gran Canaria,Spain,"Reconstrucción de la geometría tridimensional de una escena a partir de
múltiples vistas",68—Computer science,1,['Luis  Álvarez'],0,[]
72,Angel Eduardo  Cuenca-Ortega,2019,Universitat Politècnica de València,Spain,Partial Evaluation of Equational Logic Theories,68—Computer science,2,"['María  Alpuente', 'Santiago  Escobar']",0,[]
73,Angel  Dacal-Nieto,2011,Universidad de Vigo,Spain,Image processing and hyperspectral imaging for quality control in the potato industry,68—Computer science,2,"['Arno  Formella', 'Pilar  Carrion']",0,[]
74,Guillermo  de Bernardo,2014,Universidade da Coruña,Spain,New Data Structures and Algorithms for the Efficient Management of Large Spatial Datasets,68—Computer science,2,"['Nieves  Brisaboa', 'Gonzalo  Navarro']",0,[]
75,Sofía  de la Riva Fernández,2017,Universitat Rovira i Virgili and Universitat Politècnica de Catalunya,Spain,Estudio del cribado y desarrollo de un sistema de ayuda a las decisiones clínicas en la retinopatía diabética ﻿,68—Computer science,1,['Antonio  Moreno'],0,[]
76,Germán Andrés Delbianco,2017,Universidad Politécnica de Madrid,Spain,Hoare-style Reasoning with Higher-order Control: Continuations and Concurrency,68—Computer science,1,['Aleksandar  Nanevski'],0,[]
77,José  del-Campo,2007,Universidad de Málaga,Spain,Nuevos enfoques en aprendizaje incremental,68—Computer science,2,"['Rafael  Morales-Bueno', 'Gonzalo  Ramos']",0,[]
78,Jordi  Delgado,1997,Universitat Politècnica de Catalunya,Spain,On Collective Computation,68—Computer science,1,['Ricard V. Solé'],1,"['Pujol, Josep-Maria']"
79,Laura  De Miguel,2017,Universidad Publica de Navarra,Spain,Computing with uncertain truth degrees: a convolution-based approach,68—Computer science,3,"['Humberto Nicanor Bustince-Sola', 'Bernard  De Baets', 'Esteban  Induráin']",0,[]
80,Carmen  de Trazegnies,2004,Universidad de Málaga,Spain,Sistema de aprendizaje y reconocimiento de objetos 3D apartir de imÃ¡genes planas,68—Computer science,1,['Cristina  Urdiales'],0,[]
81,Josuka  Dí­az-Labrador,1996,Universidad de Deusto,Spain,Implementacion eficiente de la recursividad final en lenguajes imperativos basada en nuevas tecnicas de compilacion,68—Computer science,1,['Ulises  Cortés'],4,"['Barrutieta Anduiza, Guillermo', 'Buján, David', 'Fermoso García, Ana', 'Gómez-del-Rincón, Pilar']"
82,Daniel  Díaz Pernil,2008,Universidad de Sevilla,Spain,Sistemas Celulares de Tejido: Formalización y Eficiencia Computacional,68—Computer science,2,"['Mario Jesús Pérez-Jiménez', 'Álvaro  Romero-Jiménez']",2,"['Christinal, Hepzibah', 'Reina-Molina, Raul']"
83,Marta  Domingo,1994,Universidad de Barcelona,Spain,An Expert System Architecture for Taxonomic Domains. An Application in Porifera: The Development of Spongia,68—Computer science,1,['Carles  Sierra'],0,[]
84,Necati Bora Edizel,2019,Universitat Pompeu Fabra,Spain,Word Embeddings with Applications to Web Search and Advertising,68—Computer science,2,"['Ricardo A. Baeza-Yates', 'Amin  Mantrach']",0,[]
85,Jorge  Elorza Barbajero,1993,Universidad Publica de Navarra,Spain,"Generación, estructuras y representación de los operadores de consecuencias de la lógica borrosa",68—Computer science,1,['Pedro J. Burillo-López'],0,[]
86,Santiago  Escobar,2003,Universitat Politècnica de València,Spain,Strategies and Analysis Techniques for Functional Program Optimization,68—Computer science,2,"['María  Alpuente', 'Salvador  Lucas-Alba']",3,"['Alba-Castro, Mauricio', 'Cuenca-Ortega, Angel Eduardo', 'Iborra, José']"
87,Sergio  España,2011,Universitat Politècnica de València,Spain,"Methodological integration of Communication Analysis into a model-driven
software development framework",68—Computer science,2,"['Óscar  Pastor', 'Arturo  González']",1,"['Ruiz, Marcela']"
88,Javier  Esparza,1990,Universidad de Zaragoza,Spain,Teoría estructural de redes de libre elección,68—Computer science,1,['Manuel Silva Suárez'],19,"['Apinis, Kalmer', 'Gaiser, Andreas', 'Kern, Christian', 'Kiefer, Stefan', 'König, Barbara', 'Kretínsky, Jan', 'Luttenberger, Michael', 'Mayr, Richard', 'Melzer, Stephan', 'Neumann, René', 'Prensa Nieto, Leonor', 'Röckl, Christine', 'Römer, Stefan', 'Schlund, Maximilian', 'Schröter, Claus', 'Schwoon, Stefan', 'Stefanescu, Alin', 'Stübinger, Andreas', 'Suwimonteerabuth, Dejvuth']"
89,Jesus  Espinola,2007,Universidad de Cantabria,Spain,Nuevas Técnicas Algebraicas y Numéricas para la Resolución de Problemas Geométricos en Diseño Geométrico Asistido Por Ordenador,68—Computer science,2,"['Laureano  Gonzalez-Vega', 'Jaime  Puig-Pey']",0,[]
90,Juan Luis  Esteban,2003,Universitat Politècnica de Catalunya,Spain,Complexity Measures for Resolution,68—Computer science,2,"['Maria Luisa Bonet', 'Jacobo  Torán']",0,[]
91,Marc  Esteva,2003,Universitat Politècnica de Catalunya,Spain,Electronic Institutions: From Specification to Development,68—Computer science,1,['Carles  Sierra'],2,"['Campos, Jordi', 'Trescak, Tomas']"
92,Enaitz  Ezpeleta,2016,Mondragon Unibertsitatea,Spain,New approaches for content-based analysis towards online social network spam detection,68—Computer science,1,['Urko  Zurutuza'],0,[]
93,Angel  Farguell Caus,2018,Universidad Autónoma de Barcelona,Spain,Modeling Wildland Fire Behaviour using a Multi-physics System on HPC Platforms,68—Computer science,3,"['Ana  Cortés Fité', 'Josep Ramón Miró Cubells', 'Jan  Mandel']",0,[]
94,Antonio  Fariña,2005,Universidade da Coruña,Spain,New Compression Codes for Text Databases,68—Computer science,2,"['Nieves  Brisaboa', 'Gonzalo  Navarro']",0,[]
95,Marco Antonio Feliú Gabaldón,2013,Universitat Politècnica de València,Spain,"Logic-based techniques for program
analysis and synthesis",68—Computer science,2,"['María  Alpuente', 'Alicia  Villanueva']",0,[]
96,Ana  Fermoso García,2004,Universidad de Deusto,Spain,XBD: sistema de consulta basado en XML a bases de datos relacionales,68—Computer science,2,"['Mª José  Gil Larrea', 'Josuka  Dí\xadaz-Labrador']",1,"['Berjón Gallinas, Roberto']"
97,Javier David Fernández,2014,Universidad de Chile and Universidad de Valladolid,Chile,"Binary RDF for Scalable Publishing, Exchanging and Consumption in the Web of Data",68—Computer science,3,"['Claudio  Gutierrez', 'Miguel  Martínez-Prieto', 'Pablo  de la Fuente']",0,[]
98,Javier  Fernandez-Anakabe,2020,Mondragon Unibertsitatea,Spain,"An attribute oriented induction based methodology to aid in predictive maintenance: anomaly detection, root cause analysis and remaining useful life",68—Computer science,1,['Urko  Zurutuza'],0,[]
99,María-Inés  Fernández-Camacho,1988,Universidad Complutense de Madrid,Spain,Análisis medio de algoritmos de reducción sobre árboles,68—Computer science,1,['Jean-Marc  Steyaert'],1,"['Sánchez-Couso, José-Ramón']"
100,Manuel  Fernández Carmona,2014,Universidad de Málaga,Spain,Autonomia adaptable por predicción individualizada en CARMEN,68—Computer science,1,['Cristina  Urdiales'],0,[]
101,Norberto  Fernández García,2007,Universidad Carlos III de Madrid,Spain,Técnicas para la anotación semántica de recursos electrónicos,68—Computer science,1,['Luis  Sánchez Fernández'],0,[]
102,Jose Luis  Fernandez-Marquez,2011,Universidad Autónoma de Barcelona,Spain,Bio-inspired Mechanisms for Self-organising Systems,68—Computer science,1,['Josep-Lluis  Arcos'],0,[]
103,Maria Carmen   Fernández Panadero,2004,Universidad Carlos III de Madrid,Spain,EPM : un modelo para la caracterización y diagnóstico de procesos educativos,68—Computer science,2,"['Andrés  Marín López', 'Abelardo  Pardo Sánchez']",0,[]
104,José Manuel Ferrández-Vicente,1998,Universidad Politécnica de Madrid,Spain,Estudio y realización de una arquitectura jerárquica bioinspirada para el reconocimiento del habla,68—Computer science,1,['M. Victoria Rodellar Biarge'],1,"['Bonomini, Maria']"
105,Inmaculada  Fortes,2001,Universidad de Málaga,Spain,"Prospección de datos, aprendizaje computacional y técnicas estadísticas para la obtención de reglas",68—Computer science,1,['Rafael  Morales-Bueno'],0,[]
106,Francisco  Frechina,2014,Universitat de València,Spain,"A Rewriting-based, Parameterized Exploration Scheme for the Dynamic Analysis of Complex Software Systems",68—Computer science,2,"['María  Alpuente', 'Demis  Ballis']",0,[]
107,Ana Maria Freire Veiga,2014,Universidade da Coruña,Spain,Query Scheduling Techniques and Power-Latency Trade-off Model for Large-Scale Search Engines,68—Computer science,1,['Fidel  Cacheda'],0,[]
108,Nicola  Galesi,2000,Universitat Politècnica de Catalunya,Spain,On the Complexity of Propositional Proof Systems,68—Computer science,1,['Maria Luisa Bonet'],2,"['Bonacina, Ilario', 'Lauria, Massimo']"
109,David  Galindo Chacón,2004,Universitat Politècnica de Catalunya,Spain,Design and Analysis of Semantically Secure Public Key Encryption Schemes,68—Computer science,1,['Sebastiá  Martín Molleví'],0,[]
110,Emilio Jesús  Gallego Arias,2012,Universidad Politécnica de Madrid,Spain,Relational and Allegorical Semantics for Constraint Logic Programming,68—Computer science,2,"['Julio  Mariño y Carballo', 'James  Lipton']",0,[]
111,Narciso  García,1983,Universidad Politécnica de Madrid,Spain,Procesamiento digital automático de imágenes de estructuras virales cristalinas,68—Computer science,1,['Antonio  Santisteban'],2,"['Morán, Francisco', 'Ronda, José Ignacio']"
112,Andres  Garcia Camino,2009,Universidad Autónoma de Barcelona,Spain,Normative Regulation of Open Multi-agent Systems,68—Computer science,2,"['Pablo  Noriega', 'Juan-Antonio  Rodriguez-Aguilar']",0,[]
113,Isabel  García Contreras,2021,Universidad Politécnica de Madrid,Spain,A scalable static analysis framework for reliable program development exploiting incrementality and modularity,68—Computer science,1,['Manuel V. Hermenegildo Salinas'],0,[]
114,Ignacio  Garcia de Amo,2012,Universidad de Granada,Spain,"Uncertain and Dynamic Optimization Problems: Solving Strategies and
Applications",68—Computer science,2,"['David Alejandro Pelta', 'Jose Luis  Verdegay']",0,[]
115,Manuel Manu Garcia-Quismondo,2014,Universidad de Sevilla,Spain,Modelling and simulation of real-life phenomena with Membrane Computing,68—Computer science,2,"['Mario Jesús Pérez-Jiménez', 'Miguel Ángel  Martínez del Amor']",0,[]
116,Marco A.  García Tamargo,2006,Universidad de Oviedo,Spain,Diseño de una arquitectura de control multiagente para la coordinación de desfases en una red de cruces,68—Computer science,1,['J. Secundino  López García'],0,[]
117,Iñaki  Garitano,2014,Mondragon Unibertsitatea,Spain,Behavioral Modeling for Anomaly Detection in Industrial Control Systems,68—Computer science,2,"['Urko  Zurutuza', 'Roberto  Uribeetxeberria']",0,[]
118,Karina  Gibert,1995,Universitat Politècnica de Catalunya,Spain,L'us de la Informacio Simbolica en l'Automatitzacio del Tractament Estadistic de Dominis poc Estructurats,68—Computer science,1,['Ulises  Cortés'],5,"['Batet, Montserrat', 'Perez Bonilla, Alejandra', 'Rodas, Jorge', 'Rodriguez Silva, Gustavo', 'Sevilla, Beatriz']"
119,Andrea  Giovanucci,2008,Universidad Autónoma de Barcelona,Spain,Computationally Manageable Combinatorial Auctions for Supply Chain Automation,68—Computer science,2,"['Jesus  Cerquides', 'Juan-Antonio  Rodriguez-Aguilar']",0,[]
120,Mario  Gomez,2004,Universidad Autónoma de Barcelona,Spain,"Open, Reusable, and Configurable Multi Agent Systems: A Knowledge Modelling Approach",68—Computer science,1,['Enric  Plaza'],0,[]
121,Adrián  Gómez-Brandón,2020,Universidade da Coruña,Spain,Succinct and Self-Indexed Data Structures for the Exploitation and Representation of Moving Objects,68—Computer science,2,"['Nieves  Brisaboa', 'Gonzalo  Navarro']",0,[]
122,Pilar  Gómez-del-Rincón,1999,Universidad de Deusto,Spain,Estudio y realización de un entorno integrado avanzado de programación,68—Computer science,1,['Josuka  Dí\xadaz-Labrador'],0,[]
123,Jorge  Gomez-Garcia,2018,Universidad Politécnica de Madrid,Spain,"Contributions to the Design of Automatic Voice Quality Analysis Systems using
Speech Technologies",68—Computer science,1,['Juan Ignacio Godino-Llorente'],0,[]
124,Miguel  Gómez-Zamalloa,2009,Universidad Complutense de Madrid,Spain,Transformation and Analysis of Object Oriented Bytecode.,68—Computer science,1,['Elvira  Albert'],0,[]
125,Esther  Gonzalez,2008,Universidad de Las Palmas de Gran Canaria,Spain,Biometría de la oreja,68—Computer science,2,"['Luis  Álvarez', 'Luis  Mazorra']",0,[]
126,Ana  González,2004,Universidad Autónoma de Madrid,Spain,Radiografía del Análisis Discriminante no Lineal,68—Computer science,1,['José Ramon Dorronsoro'],0,[]
127,Arturo  González,2003,Universitat Politècnica de València,Spain,"Algunas consideraciones sobre el uso de la abstracción en el análisis de
los sistemas de información de gestión",68—Computer science,1,['Isidro  Ramos'],1,"['España, Sergio']"
128,Yolanda  Gonzalez Arechavala,2003,Universidad Pontificia Comillas,Spain,Desarrollo de sistemas digitales de seguridad. Enfoque basado en un modelo unificado de simulación.,68—Computer science,1,['Fernando  Cuadra'],0,[]
129,Antonio  Gonzalez Muñoz,1988,Universidad de Granada,Spain,Métodos subjetivos para la comparación de números difusos,68—Computer science,1,['Maria Amparo Vila  Miranda'],0,[]
130,Felipe  Gorostiaga,2022,Universidad Politécnica de Madrid,Spain,Theory and Practice of Stream Runtime Verification for Sequences and Real-Time Event Based Systems,68—Computer science,1,['Cesar  Sanchez'],0,[]
131,Maarten  Grachten,2006,Universitat Pompeu Fabra,Spain,Expressivity-Aware Tempo Transformations of Music Performances using Case-Based Reasoning,68—Computer science,1,['Josep-Lluis  Arcos'],1,"['Cancino-Chacón, Carlos Eduardo']"
132,M. del Carmen  Graciani Díaz,2003,Universidad de Sevilla,Spain,Especificación y verificación de programas moleculares en PVS,68—Computer science,2,"['Mario Jesús Pérez-Jiménez', 'Fernando  Sancho Caparrini']",0,[]
133,Maria Adela  Grando,2009,Universitat Rovira i Virgili,Spain,Contributions of Formal Language Theory and Grammar System Theory to the Formal Study of Dialogues,68—Computer science,1,['Victor  Mitrana'],0,[]
134,Sergio  Guadarrama,2007,Universidad Politécnica de Madrid,Spain,A Contribution to the Study of Computing with Words and Perceptions,68—Computer science,1,['Enric  Trillas'],0,[]
135,Miguel A.  Gutiérrez-Naranjo,2002,Universidad de Sevilla,Spain,Operadores de generalización para el aprendizaje clausal,68—Computer science,2,"['José Antonio  Alonso Jiménez', 'Joaquín  Borrego Díaz']",2,"['Paluzo-Hidalgo, Eduardo', 'Riscos-Núñez, Agustín']"
136,Sergio   Gutiérrez Santos,2007,Universidad Carlos III de Madrid,Spain,Sequencing of Learning Activities Oriented towards Reuse and Auto-Organization for Intelligent Tutoring Systems,68—Computer science,1,['Abelardo  Pardo Sánchez'],1,"['Karkalas, Sokratis']"
137,Fadi Abdulfattah Mohammed Hassan,2021,Universitat Rovira i Virgili,Spain,Utility-Preserving Anonymization of Textual Documents,68—Computer science,2,"['David  Sánchez', 'Josep  Domingo-Ferrer']",0,[]
138,Federico  Heras,2008,Universitat Politècnica de Catalunya,Spain,A new framework for Max-SAT solving,68—Computer science,1,['Javier  Larrosa'],0,[]
139,Carlos  Hernandez,2008,Universidad de Barcelona,Spain,Propagacion acotada en busqueda heuristica en tiempo real en entornos inicialmente desconocidos,68—Computer science,1,['Pedro  Meseguer'],0,[]
140,Hugo  Hernández Pibernat,2012,Universitat Politècnica de Catalunya,Spain,"Swarm Intelligence Techniques for Optimization and Management Tasks in
Sensor Networks",68—Computer science,1,['Christian  Blum'],0,[]
141,Enrique  Herrera,1996,Universidad de Granada,Spain,Modelos Linguisticos para la toma de Decisiones  en  Grupo,68—Computer science,2,"['Jose Luis  Verdegay', 'Francisco  Herrera']",0,[]
142,Francisco  Herrera,1991,Universidad de Granada,Spain,Problemas y Algoritmos  de  Programacion  Entera  Difusa,68—Computer science,1,['Jose Luis  Verdegay'],2,"['Chiclana, Francisco', 'Herrera, Enrique']"
143,Malik  Imran Daud,2016,Universitat Rovira i Virgili,Spain,Ontology-based Access Control in Open Scenarios: Applications to Social Networks and the Cloud,68—Computer science,2,"['Alexandre  Viejo', 'David  Sánchez']",0,[]
144,Armand Mihai Ionescu,2008,Universitat Rovira i Virgili,Spain,"Membrane Computing: Traces, Neural Inspired Models, Controls",68—Computer science,2,"['Victor  Mitrana', 'Takashi  Yokomori']",0,[]
145,David  Isern,2009,Universitat Politècnica de Catalunya,Spain,Agent-Based Management of Clinical Guidelines,68—Computer science,1,['Antonio  Moreno'],1,"['Marin, Lucas']"
146,Tseren-Onolt  Ishdorj,2007,Universidad de Sevilla,Spain,"Membrane Computing, Neural Inspirations, Gene Assembly in Ciliates",68—Computer science,2,"['Gheorghe  Păun', 'Mario Jesús Pérez-Jiménez']",0,[]
147,Mikel  Iturbe,2017,Mondragon Unibertsitatea,Spain,Data-driven anomaly detection in industrial networks,68—Computer science,2,"['Urko  Zurutuza', 'Roberto  Uribeetxeberria']",0,[]
148,Unai  Izagirre,2021,Mondragon Unibertsitatea,Spain,Towards data-driven predictive maintenance for industrial robots,68—Computer science,1,['Urko  Zurutuza'],0,[]
149,Roger  Jardí-Cedó,2015,Universitat Rovira i Virgili,Spain,Enhancing Drivers’ Privacy in Urban Electronic Road Pricing Systems,68—Computer science,2,"['Jordi  Castellà-Roca', 'Alexandre  Viejo']",0,[]
150,Aleksandar  Jevtić,2011,Universidad Politécnica de Madrid,Spain,"Swarm Intelligence: Novel tools for optimization, feature extraction, and multi-agent system modeling",68—Computer science,2,"['Diego  Andina', 'Mo  Jamshidi']",0,[]
151,Ernesto  Jiménez,2004,Universidad Rey Juan Carlos,Spain,Interconexión de sistemas de memoria compartida distribuida,68—Computer science,1,['Antonio  Fernández Anta'],0,[]
152,Fernando  Jimenez-Barrionuevo,1996,Universidad de Granada,Spain,"Heuristicas  basadas  en  Algoritmos  Geneticos  para   la Resolucion de
Problemas de Transporte",68—Computer science,1,['Jose Luis  Verdegay'],0,[]
153,Ana  Jokanovic,2014,Universitat Politècnica de Catalunya,Spain,Resource management techniques aware of interference among high-performance computing applications,68—Computer science,3,"['Jesus  Labarta', 'Jose Carlos  Sancho', 'German  Rodriguez']",0,[]
154,Sindhu  Joseph,2010,Universidad Autónoma de Barcelona,Spain,Coherence-Based Computational Agency,68—Computer science,2,"['Carles  Sierra', 'Marco  Schorlemmer']",0,[]
155,Gonzalo  Joya,1997,Universidad de Málaga,Spain,CONTRIBUCION DE LAS REDES NEURONALES ARTIFICIALES DE ALTO ORDEN AL DISEÑO DE SISTEMAS AUTONOMOS,68—Computer science,1,['Francisco  Sandoval'],1,"['Atencia, Miguel']"
156,Pascual  Julián,2000,Universitat Politècnica de València,Spain,Specialization of Lazy Functional Logic Programs,68—Computer science,1,['María  Alpuente'],0,[]
157,Oihane  Kamara-Esteban,2017,Universidad de Deusto,Spain,"Contributions to Demand-Side Management by the application of Artificial Intelligence Techniques in Domestic, Commercial and Industrial Scenarios",68—Computer science,2,"['Cruz Enrique  Borges Hernández', 'Ana María Macarulla Arenaza']",0,[]
158,Maximiliano  Klemen,2020,Universidad Politécnica de Madrid,Spain,A General Framework for Static Resource Analysis and Profiling of (Parallel) Programs and an Application to Runtime Checking,68—Computer science,1,['Pedro  López García'],0,[]
159,Andrew  Koster,2012,Universidad Autónoma de Barcelona,Spain,Trust Alignment and Adaptation: Two Approaches for Talking about Trust in Multi-Agent Systems,68—Computer science,2,"['Jordi  Sabater-Mir', 'Marco  Schorlemmer']",0,[]
160,David  Kutangila-Mayoya,2005,Universidad de Granada,Spain,Modelos basados en “Soft Computing” para resolver Problemas de Localización,68—Computer science,1,['Jose Luis  Verdegay'],0,[]
161,Susana  Ladra,2011,Universidade da Coruña,Spain,Algorithms and Compressed Data Structures for Information Retrieval,68—Computer science,2,"['Nieves  Brisaboa', 'Gonzalo  Navarro']",0,[]
162,Mikel  Larrea,2000,University of the Basque Country,Spain,Efficient Algorithms to Implement Failure Detectors and Solve Consensus in Distributed Systems,68—Computer science,2,"['André  Schiper', 'Sergio  Arévalo']",1,"['Martín, Cristian']"
163,Javier  Larrosa,1998,Universitat Politècnica de Catalunya,Spain,Algorithms and Heuristics for Total and Partial Constraint Satisfaction,68—Computer science,1,['Pedro  Meseguer'],3,"['Heras, Federico', 'Rollon, Emma', 'Sánchez, Martí']"
164,Inigo  Lecuona,2020,Mondragon Unibertsitatea,Spain,Diseño de un Sistema de Soporte de Decisiones Dirigido por Datos para una EDAR,68—Computer science,2,"['Urko  Zurutuza', 'Rosa  Basagoiti']",0,[]
165,Jordi  Levy,1994,Universitat Politècnica de Catalunya,Spain,The Calculus of Refinements: a Formal Specification Model Based on Inclusions,68—Computer science,1,['Jaume  Agustí-Cullell'],2,"['Schorlemmer, Marco', 'Villaret, Mateu']"
166,Umer  Liqat,2018,Universidad Politécnica de Madrid,Spain,A multi-language and multi-platform framework for resource consumption analysis and its application to energy-efficient software development,68—Computer science,1,['Pedro  López García'],0,[]
167,Remco  Loos,2008,Universitat Rovira i Virgili,Spain,,68—Computer science,1,['Victor  Mitrana'],0,[]
168,Ramon  Lopez de Mantaras,1981,Universitat Politècnica de Catalunya and Université Paul Sabatier - Toulouse III,Spain,Autoapprentissage d'une partition. Application au Classement Iteratif de Donnees Multidimensionnelles; Machine Learning Algorithms in Pattern Recognition. Application to Robotics,68—Computer science,2,"['Josep  Aguilar-Martin', 'Enric  Trillas']",12,"['Baydin, Atilim', 'Busquets, Didac', 'Cerquides, Jesus', 'Cortés, Ulises', 'Lopez-Sanchez, Maite', 'Meseguer, Pedro', 'Noriega, Pablo', 'Plaza, Enric', 'Ramisa, Arnau', 'Ribes, Arturo', 'Ros, Raquel', 'Sierra, Carles']"
169,Beatriz  Lopez-Ibañez,1993,Universitat Politècnica de Catalunya,Spain,Learning and Generation of Plans for Expert Systems,68—Computer science,1,['Enric  Plaza'],2,"['Montaner, Miquel', 'Murillo-Espinar, Javier']"
170,Domingo  López Rodríguez,2007,Universidad de Málaga,Spain,Enfriamiento Funcional para Optimización. Fundamentos Teóricos y Aplicación a las Redes Neuronales,68—Computer science,1,['Enrique  Mérida-Casermeiro'],0,[]
171,Ezequiel  López Rubio,2002,Universidad de Málaga,Spain,Nuevos modelos de redes autoorganizadas con aplicación al reconocimiento de patrones y al procesamiento de imágenes,68—Computer science,1,['José  Muñoz Pérez'],1,"['Thurnhofer Hemsi, Karl']"
172,Maite  Lopez-Sanchez,1999,Universidad Autónoma de Barcelona,Spain,Approaches to Map Generation by Means of Collaborative Autonomous Robots,68—Computer science,1,['Ramon  Lopez de Mantaras'],3,"['Almajano, Pablo', 'Campos, Jordi', 'Morales, Javier']"
173,Joan Albert  López-Vallverdú,2012,Universitat Rovira i Virgili,Spain,Knowledge-Based Incremental Induction of Clinical Algorithms,68—Computer science,1,['David  Riano'],0,[]
174,Salvador  Lucas-Alba,1998,Universitat Politècnica de València,Spain,Rewriting with Replacement Restrictions,68—Computer science,1,['María  Alpuente'],1,"['Escobar, Santiago']"
175,Luis Felipe Macías-Ramos,2016,Universidad de Sevilla,Spain,Developing efficient simulators for cell machines,68—Computer science,2,"['Mario Jesús Pérez-Jiménez', 'Luis  Valencia-Cabrera']",0,[]
176,Nicolás  Madrid-Labrador,2011,Universidad de Málaga,Spain,Inconsistency measures and existence of fuzzy stable models in the residuated framework,68—Computer science,1,['Manuel  Ojeda-Aciego'],0,[]
177,Nikolaos  Makriyannis,2016,Universitat Pompeu Fabra,Spain,Fairness in Secure Computation,68—Computer science,1,['Vanesa  Daza'],0,[]
178,José Miguel José M. Mantas,2003,Universidad de Granada,Spain,Component-Based Development of Differential Equation Solvers for Multicomputers,68—Computer science,2,"['José Antonio  Carrillo', 'Julio  Ortega Lopera']",1,"['Schneider, Ricarda']"
179,Francisco  Martin,2004,Universitat Politècnica de Catalunya,Spain,"Case-Based Sequence Analysis in Dynamic, Imprecise, and Adversarial Domains",68—Computer science,1,['Enric  Plaza'],0,[]
180,Mario  Martin,1998,Universitat Politècnica de Catalunya,Spain,Reinforcement Learning for Embedded Agents Facing Complex Tasks,68—Computer science,1,['Ulises  Cortés'],1,"['Esposito, Gennaro']"
181,Cristian  Martín,2011,University of the Basque Country,Spain,The Omega Failure Detector in the Crash-Recovery Model,68—Computer science,1,['Mikel  Larrea'],0,[]
182,Conrado  Martinez,1992,Universitat Politècnica de Catalunya,Spain,Statistics under the BST Model,68—Computer science,1,['Rafael  Casas'],5,"['Duch, Amalia', 'Helmi, Ahmed', 'Lau Laynes-Lozada, Gustavo', 'Molinero Albareda, Xavier', 'Roura, Salvador']"
183,Álvaro  Martínez,2014,Universidad de Oviedo,Spain,Monitorización del estado de flotas de motores usando análisis inteligente de datos para información intervalo-valorada y posibilística,68—Computer science,2,"['Luciano  Sánchez', 'Inés  Couso']",0,[]
184,Antoni  Martínez-Ballesté,2004,Universitat Rovira i Virgili and Universitat Politècnica de Catalunya,Spain,Real-Time Pay-per-view of Protected Multimedia Content,68—Computer science,2,"['Josep  Domingo-Ferrer', 'Miquel  Soriano']",0,[]
185,Miguel Ángel  Martínez del Amor,2013,Universidad de Sevilla,Spain,"Accelerating membrane system simulators by using High Performance Computing
with GPU",68—Computer science,2,"['Mario Jesús Pérez-Jiménez', 'Ignacio  Pérez Hurtado']",1,"['Garcia-Quismondo, Manuel']"
186,Rafael  Martínez Díaz,2015,Universitat Politècnica de València,Spain,"Análisis, propuesta y desarrollo de técnicas de medición objetiva en imágenes 123/-mIBG, para pacientes con neuroblastoma",68—Computer science,2,"['Luis Manuel  Sánchez Ruiz', 'Guillermo  Perís Fajarnés']",0,[]
187,Sergio  Martínez-Lluís,2013,Universitat Rovira i Virgili,Spain,,68—Computer science,2,"['Aida  Valls', 'David  Sánchez']",0,[]
188,Antonio David Masegosa-Arredondo,2010,Universidad de Granada,Spain,Cooperative Methods in Optimisation: Analysis and Results,68—Computer science,2,"['David Alejandro Pelta', 'Jose Luis  Verdegay']",0,[]
189,José Luis Melús Moreno,1987,Universitat Politècnica de Catalunya,Spain,Contribución a la evaluación de sistemas multiprocesadores debilmente acoplados basados en microprocesador,68—Computer science,1,['Emilio  Sanvicente'],1,"['Soriano Ibáñez, Miquel']"
190,Ernestina  Menasalvas Ruiz,1998,Universidad Politécnica de Madrid,Spain,Integracion del Processo de Inferencia de Conocimiento Con Los Sistemas  de Datos Relacionales: Formalizacion Matematica de la Fase de Analisis (Integration of Rule Generation Phase of the Knowledge Discovery Process with the Relational Base Management Systems. A  Mathematical Formalization),68—Computer science,2,"['Cavadonga  Fernandez Baizan', 'Anita  Wasilewska']",0,[]
191,Edison Fernando Mera Menéndez,2010,Universidad Politécnica de Madrid,Spain,"Un Marco Unificado para Análisis de Recursos y Tiempo de Ejecución, Validación Dinámica y Pruebas Unitarias",68—Computer science,1,['Pedro  López García'],0,[]
192,Robert George Mercas,2010,Universitat Rovira i Virgili,Spain,Repetitions in Partial Words,68—Computer science,1,['Francine  Blanchet-Sadri'],1,"['Hutchinson, Laura']"
193,Pedro  Meseguer,1992,Universitat Politècnica de Catalunya,Spain,Validation of Multi-Level Rule-Based Expert Systems,68—Computer science,1,['Ramon  Lopez de Mantaras'],6,"['Brito, Ismel', 'Gutierrez Faxas, Patricia', 'Hernandez, Carlos', 'Larrosa, Javier', 'Pujol, Marc', 'Sánchez, Martí']"
194,Miquel  Montaner,2003,Universitat de Girona,Spain,Collaborative Recommender Agents Based on Case-Based Reasoning and Trust,68—Computer science,1,['Beatriz  Lopez-Ibañez'],0,[]
195,Nelson  Monzón López,2017,Universidad de Las Palmas de Gran Canaria,Spain,Accurate Estimation of the Objetct Motion in Image Sequences,68—Computer science,2,"['Javier  Sánchez', 'Agustín Javier Salgado de la Nuez']",0,[]
196,Rafael  Morales-Bueno,1991,Universidad de Málaga,Spain,Calculabilidad difusa mediante gramáticas. Diseño de un lenguaje imperativo de programación difusa.,68—Computer science,2,"['Buenaventura  Clares', 'Francisco A. Triguero Ruiz']",6,"['Baena-García, Manuel', 'Carmona-Cejudo, José M.', 'del-Campo, José', 'Fortes, Inmaculada', 'Ramos, Gonzalo', 'Triviño, José-Luis']"
197,Francisco  Morán,2001,Universidad Politécnica de Madrid,Spain,MODELADO JERÁRQUICO DE OBJETOS 3D CON SUPERFICIES DE SUBDIVISIÓN,68—Computer science,1,['Narciso  García'],0,[]
198,Antonio  Moreno,2000,Universitat Politècnica de Catalunya,Spain,Modelling Rational Inquiry in Non-Ideal Agents,68—Computer science,2,"['Ulises  Cortés', 'Ton  Sales Porta']",7,"['Abdel-Nasser, Mohamed', 'Borràs, Joan', 'de la Riva Fernández, Sofía', 'Isern, David', 'Marin, Lucas', 'Sanchez, David', 'Vicient, Carlos']"
199,Ginés  Moreno,2000,Universitat Politècnica de València,Spain,Reglas y Estrategias de Transformación para Programas Lógico Funcionales,68—Computer science,2,"['María  Alpuente', 'German  Vidal']",0,[]
200,Laureano  Moro-Velázquez,2018,Universidad Politécnica de Madrid,Spain,"Towards the differential evaluation of Parkinson’s Disease by means of voice
and speech processing",68—Computer science,1,['Juan Ignacio Godino-Llorente'],0,[]
201,Mehmet Oguz  Mulayim,2020,Universidad Autónoma de Barcelona,Spain,Anytime Case-Based Reasoning in Large-Scale Temporal Case Bases,68—Computer science,1,['Josep-Lluis  Arcos'],0,[]
202,Pedro José  Muñoz Merino,2009,Universidad Carlos III de Madrid,Spain,Teoría de modelado del e-learning y aplicación a un sistema de pistas adaptativo en tutoría inteligente utilizando técnicas de web semántica,68—Computer science,1,['Carlos  Delgado Kloos'],0,[]
203,Víctor  Muñoz Solà,2011,Universitat de Girona,Spain,Robustness on resource allocation problems,68—Computer science,1,['Didac  Busquets'],0,[]
204,Javier  Murillo-Espinar,2010,Universitat de Girona,Spain,Egalitarian Behaviour in Multi-Unit Combinatorial Auctions,68—Computer science,2,"['Beatriz  Lopez-Ibañez', 'Didac  Busquets']",0,[]
205,Katherine Margaret Murphy,2008,Universidad Politécnica de Madrid,Spain,"Digital Signal Processing Techniques for Application in the Analysis of
Pathological Voice and Normophonic Singing Voice",68—Computer science,1,['Pedro  Gómez-Vilda'],0,[]
206,David F. Nettleton,2002,Universitat Politècnica de Catalunya,Spain,The Use of Complementary Techniques of Machine Learning to Discover Knowledge in Real Complex Domains,68—Computer science,2,"['Vicenc  Torra', 'Joan  Jacas']",0,[]
207,Juan Carlos Nieves,2008,Universitat Politècnica de Catalunya,Spain,Modeling Arguments and Uncertain Information. A Non-Monotonic Reasoning Approach,68—Computer science,2,"['Ulises  Cortés', 'Mauricio  Osorio']",4,"['Confalonieri, Roberto', 'Guerrero Rosero, Esteban', 'Kampik, Timotheus', 'Yan, Chunli']"
208,Jordi  Nin,2008,Universidad Autónoma de Barcelona,Spain,Contributions to Record Linkage for Disclosure Risk Assessment,68—Computer science,1,['Vicenc  Torra'],0,[]
209,Pablo  Noriega,1997,Universidad Autónoma de Barcelona,Spain,Agent Mediated Auctions: The Fishmarket Metaphor,68—Computer science,2,"['Ramon  Lopez de Mantaras', 'Carles  Sierra']",4,"['Criado, Natalia', 'Garcia Camino, Andres', 'Perello-Moragues, Antonio', 'Robles, Armando']"
210,Hector  Nunez,2004,Universitat Politècnica de Catalunya,Spain,Feature Weighting in Plain Case-Based Reasoning,68—Computer science,1,['Miquel  Sànchez-Marrè'],0,[]
211,Gustavo  Núñez,1991,Universitat Politècnica de Catalunya,Spain,Caracterización no Monótona de la Inferencia Inductiva y su Aplicación en el Aprendizaje Basado en Similitudes (SBL),68—Computer science,1,['Ulises  Cortés'],2,"['Alvarado, Matias', 'Soto de la Cruz, Ramon']"
212,Sergi  Oliva,2013,Universitat Politècnica de Catalunya,Spain,On the Complexity of Resolution-based Proof Systems,68—Computer science,1,['Albert  Atserias'],0,[]
213,J. A.  Olivas,2000,Universidad de Castilla - La Mancha,Spain,Predicción basada en categorías prototipicas borrosas deformables,68—Computer science,1,['Enric  Trillas'],0,[]
214,Santi  Ontanon,2005,Universidad Autónoma de Barcelona,Spain,Ensemble Case-Based Learning for Multi-Agent Systems,68—Computer science,1,['Enric  Plaza'],0,[]
215,Alberto  Ordóñez,2016,Universidade da Coruña,Spain,Statistical and Repetition-based Compressed Data Structures,68—Computer science,2,"['Gonzalo  Navarro', 'Nieves  Brisaboa']",0,[]
216,David  Orellana-Martín,2019,Universidad de Sevilla,Spain,The P versus NP problem. Development of new techniques through bio-inspired computing models,68—Computer science,2,"['Mario Jesús Pérez-Jiménez', 'Luis  Valencia-Cabrera']",0,[]
217,Javier  Orozco,2009,Universidad Autónoma de Barcelona,Spain,Human Emotion Understanding On Facial Image Sequences,68—Computer science,2,"['Jordi  Gonzàlez', 'Xavier  Roca']",0,[]
218,Victor  Osma-Ruiz,2010,Universidad Politécnica de Madrid,Spain,Contribución al procesado digital de imágenes para la caracterización de patologías laríngeas,68—Computer science,1,['Juan Ignacio Godino-Llorente'],0,[]
219,Simon  Oya,2019,Universidad de Vigo,Spain,A Statistical Approach to the Design of Privacy-Preserving Services,68—Computer science,2,"['Carmela  Troncoso', 'Fernando  Perez-Gonzalez']",0,[]
220,Tan H. Ozaslan,2013,Universitat Pompeu Fabra,Spain,Computational Analysis of Expressivity in Classical Guitar Performances,68—Computer science,1,['Josep-Lluis  Arcos'],0,[]
221,Montserrat Muntsa Padro Cirera,2008,Universitat Politècnica de Catalunya,Spain,Applying causal-state splitting reconstruction algorithm to natural language processing tasks,68—Computer science,1,['Lluís  Padró i Cirera'],0,[]
222,Héctor L. Palacios Verdes,2009,Universitat Pompeu Fabra,Spain,Translation-based approaches to Conformant Planning,68—Computer science,1,['Hector Alberto Geffner'],0,[]
223,Victor  Pascual,2010,Universitat Pompeu Fabra,Spain,Visual Exploration of Web Spaces,68—Computer science,2,"['Ricardo A. Baeza-Yates', 'Juan Carlos  Dursteler']",0,[]
224,Óscar  Pastor,1992,Universitat Politècnica de València,Spain,"Diseño y Desarrollo de un Entorno de Producción Automática de Software
basado en el Modelo Orientado a Objetos",68—Computer science,1,['Isidro  Ramos'],2,"['España, Sergio', 'Ruiz, Marcela']"
225,Carmen  Pellicer-Lostao,2012,Universidad de Zaragoza,Spain,"Criptosistemas caóticos: estudio, diseño y aplicaciones",68—Computer science,1,['Ricardo  López-Ruiz'],0,[]
226,David Alejandro Pelta,2002,Universidad de Granada,Spain,Algoritmos Heuristicos en Bioinformática,68—Computer science,2,"['Armando  Blanco', 'Jose Luis  Verdegay']",2,"['Garcia de Amo, Ignacio', 'Masegosa-Arredondo, Antonio']"
227,Antonio  Perello-Moragues,2020,Universidad Autónoma de Barcelona,Spain,A value-based approach to agent-based simulation for policy  assessment: an exploration in the water domain,68—Computer science,1,['Pablo  Noriega'],0,[]
228,Cristina  Pérez-Benito,2019,Universitat Politècnica de València,Spain,,68—Computer science,3,"['José Alberto  Conejero Casares', 'Cristina  Jordán', 'Samuel  Morillas']",0,[]
229,Francisco Javier  Pérez-Benito,2020,Universitat Politècnica de València,Spain,Healthcare data heterogeneity and its contribution to machine learning performance,68—Computer science,2,"['José Alberto  Conejero Casares', 'Juan Miguel  García Gómez']",0,[]
230,Alejandra  Perez Bonilla,2010,Universitat Politècnica de Catalunya,Spain,Metodologia de caracterizacion conceptual por condicionamentos sucesivos: Una aplicacion a sistemas medioambientales,68—Computer science,1,['Karina  Gibert'],0,[]
231,Ignacio  Pérez Hurtado,2010,Universidad de Sevilla,Spain,Desarrollo y aplicaciones de un entorno de programación para Computación Celular: P-Lingua,68—Computer science,2,"['Mario Jesús Pérez-Jiménez', 'Agustín  Riscos-Núñez']",1,"['Martínez del Amor, Miguel Ángel']"
232,Ana Belen  Petro,2006,Universidad de las Islas Baleares,Spain,Analytical methods for the study of color in digital images,68—Computer science,3,"['Jean-Michel  Morel', 'Tomeu  Coll', 'Jose-Luis  Lisani']",0,[]
233,Ander  Pijoan Lamas,2018,Universidad de Deusto,Spain,"GeoWorldSim: A time-asynchronous, distributed and intelligent environment based Geosimulation platform",68—Computer science,2,"['Cruz Enrique  Borges Hernández', 'Ainhoa  Alonso Vicario']",0,[]
234,Isaac  Pinyol,2010,Universitat Politècnica de Catalunya,Spain,"Milking the reputation cow: Argumentation, Reasoning and Cognitive Agents",68—Computer science,1,['Jordi  Sabater-Mir'],0,[]
235,Jordi  Planes,2007,Universitat de Lleida,Spain,Design and Implementation of Exact MAX-SAT Solvers,68—Computer science,2,"['Felip  Manyà', 'Chu Min Li']",0,[]
236,Enric  Plaza,1987,Universitat Politècnica de Catalunya,Spain,EAR: A System to Assist the Explicitation and Structuring of Knowledge,68—Computer science,1,['Ramon  Lopez de Mantaras'],9,"['Arcos, Josep-Lluis', 'Armengol, Eva', 'Baccigalupo, Claudio', 'Ferrer, Xavier', 'Gomez, Mario', 'Lopez-Ibañez, Beatriz', 'Martin, Francisco', 'Ontanon, Santi', 'Subirats, Laia']"
237,Barbara  Poblete,2009,Universitat Pompeu Fabra,Spain,Query Based Data Mining for the Web,68—Computer science,2,"['Ricardo A. Baeza-Yates', 'Myra  Spiliopoulou']",0,[]
238,Ana  Pradera,1999,Universidad Politécnica de Madrid,Spain,Contribución al estudio de la agregación de información en un entorno borroso,68—Computer science,1,['Enric  Trillas'],0,[]
239,Josep-Maria  Pujol,2006,Universitat Politècnica de Catalunya,Spain,Structure in Artificial Societies,68—Computer science,2,"['Ramon  Sanguesa', 'Jordi  Delgado']",0,[]
240,Edith  Pulido Herrera,2009,Universitat Jaume I de Castellón,Spain,Improving Data Fusion in User Positioning Systems,68—Computer science,3,"['Ricardo  Quiros Bauset', 'German  Fabregat', 'Hannes  Kaufmann']",0,[]
241,Gonzalo  Ramos,2001,Universidad de Málaga,Spain,Nuevos desarrollos en aprendizaje inductivo,68—Computer science,1,['Rafael  Morales-Bueno'],1,"['del-Campo, José']"
242,J.Guadalupe  Ramos,2007,Universitat Politècnica de València,Spain,Una aproximación offline a la evaluación parcial dirigida por narrowing,68—Computer science,1,['German  Vidal'],0,[]
243,Maria  Rauschenberger,2019,Universitat Pompeu Fabra,Spain,Early screening of dyslexia using a language-independent content game and machine learning,68—Computer science,2,"['Ricardo A. Baeza-Yates', 'Luz  Rello']",0,[]
244,Francis  Real,2016,Universitat Rovira i Virgili,Spain,Use of Decision Tables to Model Assistance Knowledge to Train Medical Residents,68—Computer science,1,['David  Riano'],0,[]
245,Ignacio  Requena Ramos,1992,Universidad de Granada,Spain,"Redes Neuronales para Problemas de Decisión en Ambiente Difuso (Neural
Networks to Decision Problems with Fuzzy Information)",68—Computer science,2,"['Miguel  Delgado Calvo-Flores', 'Jose Luis  Verdegay']",1,"['Benítez Sánchez, José Manuel']"
246,Ignacio  Requena-Ramos,1992,Universidad de Granada,Spain,Redes Neuronales en Problemas  de  Decision  con  Ambiente  Difuso,68—Computer science,2,"['Miguel  Delgado Calvo-Flores', 'Jose Luis  Verdegay']",0,[]
247,Guillermo  Reyes Pozo,2000,Universitat Politècnica de Catalunya,Spain,Técnicas de diseño geométrico asistido por ordenador para mecanismos leva-palpador,68—Computer science,1,['Javier  Sánchez-Reyes'],0,[]
248,David  Riano,1997,Universitat Politècnica de Catalunya,Spain,Automatic Construction of Descriptive Rules,68—Computer science,1,['Ulises  Cortés'],5,"['Bohada, John', 'Kamisalic, Aida', 'López-Vallverdú, Joan Albert', 'Real, Francis', 'Sayed, Mohammed']"
249,Agustín  Riscos-Núñez,2004,Universidad de Sevilla,Spain,Programación Celular: Resolución Eficiente de Problemas Numéricos NP-completos,68—Computer science,2,"['Mario Jesús Pérez-Jiménez', 'Miguel A.  Gutiérrez-Naranjo']",3,"['Cámpora-Pérez, Daniel Hugo', 'Pérez Hurtado, Ignacio', 'Valencia-Cabrera, Luis']"
250,Eugenio  Roanes Lozano,1991,Universidad de Sevilla,Spain,Ramificación en k-álgebras y teoremas de ascenso y descenso,13—Commutative rings and algebras,1,['Eugenio  Roanes-Macías'],1,"['Maestre Martínez, Roberto']"
251,Jorge  Rodas,2003,Universitat Politècnica de Catalunya,Spain,Knowledge Discovery in Repeated and Very Short Serial Measures with a Blocking Factor,68—Computer science,2,"['Karina  Gibert', 'Emili  Rojo']",2,"['Olmos, Karla', 'Tamayo, Genaro']"
252,Luis  Rodero Merino,2007,Universidad Rey Juan Carlos,Spain,Self-Adaptation Mechanisms for Efficient Resource Location in Peer-to-Peer Systems,68—Computer science,2,"['Antonio  Fernández Anta', 'Luis  López Fernández']",0,[]
253,Juan-Antonio  Rodriguez-Aguilar,2001,Universidad Autónoma de Barcelona,Spain,Towards a Test-Bed for Trading Agents in Electronic Auction Markets,68—Computer science,1,['Carles  Sierra'],9,"['Andrejczuk, Ewa', 'Garcia Camino, Andres', 'Giovanucci, Andrea', 'Morales, Javier', 'Penya-Alba, Toni', 'Pujol, Marc', 'Salas-Molina, Francisco', 'Valencia, Gabriel', 'Vinyals, Meritxell']"
254,Antonio  Rodríguez Goñi,2011,Universidad Politécnica de Madrid,Spain,Diseño Programable: Desarrollo de una metodología de parametrización sistemática de formas de buques definidas mediante un modelo mixto de curvas y superficies,68—Computer science,1,['Leonardo  Fernández-Jambrina'],0,[]
255,Horacio  Rodríguez Hontoria,1990,Universitat Politècnica de Catalunya,Spain,Guai: un generador automático de interfaces en lengua natural,68—Computer science,1,['Maria Felisa Verdejo Maillo'],2,"['Latifi, Majid', 'Padró i Cirera, Lluís']"
256,Jose Antonio Rodriguez Mondejar,2000,Universidad Pontificia Comillas,Spain,Metodología para la implantación de funciones lentas multivariable sobre arquitecturas Hardware/Software mediante técnicas de aproximación por trozos.,68—Computer science,2,"['Fernando  Cuadra', 'Octavio  Nieto-Taladriz']",0,[]
257,Gustavo  Rodriguez Silva,2010,Universitat Politècnica de Catalunya,Spain,Metodologia de identificacion e interpretacion de perfiles dinamicos,68—Computer science,1,['Karina  Gibert'],0,[]
258,Emili  Rojo,1993,Universidad de Barcelona,Spain,Aplicacion del Software LINNEO a la Clasificacion de Transtornos Mentales,68—Computer science,2,"['Ulises  Cortés', 'Ricard  Pons I Bartràn']",3,"['Martín Lopez, Luis', 'Pino López, Oscar', 'Rodas, Jorge']"
259,Emma  Rollon,2008,Universitat Politècnica de Catalunya,Spain,Multi-Objective Optimization for Graphical Models,68—Computer science,1,['Javier  Larrosa'],0,[]
260,Daniel Omar Romero,2011,Universitat Politècnica de València,Spain,Rewriting-based Verification and Debugging of Web Systems,68—Computer science,2,"['María  Alpuente', 'Demis  Ballis']",0,[]
261,Álvaro  Romero-Jiménez,2003,Universidad de Sevilla,Spain,Complejidad y Universalidad en Modelos de Computación Celular,68—Computer science,1,['Mario Jesús Pérez-Jiménez'],1,"['Díaz Pernil, Daniel']"
262,Cristina  Romero-Tris,2014,Universitat Rovira i Virgili,Spain,Client-Side Privacy-Enhancing Technologies in Web Search,68—Computer science,2,"['Alexandre  Viejo', 'Jordi  Castellà-Roca']",0,[]
263,José Ignacio  Ronda,1995,Universidad Politécnica de Madrid,Spain,MODELADO ESTADISTICO Y CONTROL DE CODIFICADORES DE VIDEO,68—Computer science,1,['Narciso  García'],0,[]
264,Raquel  Ros,2008,Universidad Autónoma de Barcelona,Spain,Action Selection in Cooperative Robot Soccer Using Case-Based Reasoning,68—Computer science,1,['Ramon  Lopez de Mantaras'],0,[]
265,Josep  Roure,2004,Universitat Politècnica de Catalunya,Spain,Incremental Methods for Bayesian Network Structure Learning,68—Computer science,2,"['Ulises  Cortés', 'Ramon  Sanguesa']",0,[]
266,Jose  Ruedas-Sanchez,2007,Universidad de Granada,Spain,"Aplicación de la tecnología GRID al diseño y desarrollo de un portal de
recursos computacionales",68—Computer science,1,['Jose Luis  Verdegay'],0,[]
267,Marcela  Ruiz,2016,Universitat Politècnica de València,Spain,TraceME: Traceability-based Method for Conceptual Model Evolution,68—Computer science,2,"['Óscar  Pastor', 'Sergio  España']",0,[]
268,Nicolas  Ruiz,2018,Universitat Rovira i Virgili,Spain,Toward a universal privacy and information-preserving framework for individual data exchange,68—Computer science,1,['Josep  Domingo-Ferrer'],0,[]
269,Miriam  Ruiz Fernández,2019,Universidad de Almería,Spain,Modelado y Optimizatión de Problemas en Sanidad vía Computación de Altas Prestaciones.,68—Computer science,2,"['Juana  López Redondo', 'Benjamin  Ivorra']",0,[]
270,Jordi  Sabater-Mir,2003,Universidad Autónoma de Barcelona,Spain,Trust and Reputation for Agent Societies,68—Computer science,1,['Carles  Sierra'],3,"['Koster, Andrew', 'Pinyol, Isaac', 'Villatoro, Daniel']"
271,Nicolas  Saenz-Lechón,2010,Universidad Politécnica de Madrid,Spain,CONTRIBUCIONES METODOLÓGICAS PARA LA EVALUACIÓN OBJETIVA DE PATOLOGÍAS LARÍNGEAS A PARTIR DEL ANÁLISIS ACÚSTICO DE LA VOZ EN DIFERENTES ESCENARIOS DE PRODUCCIÓN,68—Computer science,1,['Juan Ignacio Godino-Llorente'],0,[]
272,Nasibeh  Saffari,2022,Universitat Rovira i Virgili,Spain,Analyzing the breast tissue in mammograms using deep learning,68—Computer science,1,['Blas  Herrera Gómez'],0,[]
273,Francisco  Salas-Molina,2017,Universitat Politècnica de València,Spain,Data-driven decision-making and its application to the corporate cash management problem,68—Computer science,1,['Juan-Antonio  Rodriguez-Aguilar'],0,[]
274,Juan-José  Salazar-González,1992,Università di Bologna,Italy,The Generalized Travelling Salesman Problem,"90—Operations research, mathematical programming",2,"['Paolo  Toth', 'Ilio  Galligani']",0,[]
275,Agustín Javier Salgado de la Nuez,2010,Universidad de Las Palmas de Gran Canaria,Spain,Métodos variacionales para la estimación del flujo óptico y mapas de disparidad,68—Computer science,1,['Javier  Sánchez'],1,"['Monzón López, Nelson']"
276,David  Sanchez,2007,Universitat Politècnica de Catalunya,Spain,Domain Ontology Learning from the Web,68—Computer science,1,['Antonio  Moreno'],0,[]
277,Javier  Sanchez,2001,Universidad de Las Palmas de Gran Canaria,Spain,"Estimación del flujo óptico en secuencias de imágenes y de la carta de
disparidad en pares estéreo: Aplicación a la reconstrucción 3D",68—Computer science,1,['Luis  Álvarez'],0,[]
278,Alejandro  Sánchez,2015,Universidad Politécnica de Madrid,Spain,Formal Verification of Temporal Properties for Parametrized Concurrent Programs and Concurrent Data Structures,68—Computer science,1,['Cesar  Sanchez'],0,[]
279,Martí  Sánchez,2006,Universitat Politècnica de Catalunya,Spain,,68—Computer science,2,"['Pedro  Meseguer', 'Javier  Larrosa']",0,[]
280,Tomasa Calvo Sánchez,1989,Universidad Politécnica de Madrid,Spain,Contribución al estudio de las ternas de De Morgan generalizadas,68—Computer science,2,"['Claudi  Alsina i Català', 'Gaspar  Mayor Forteza']",0,[]
281,José-Ramón  Sánchez-Couso,2009,Universidad Complutense de Madrid,Spain,Análisis de características en el modelo BST,68—Computer science,1,['María-Inés  Fernández-Camacho'],0,[]
282,Ricardo Xavier  Sánchez del Castillo,1999,Universitat Politècnica de Catalunya,Spain,Secure Delegation of Computing and Data in Unsafe Distributed Systems,68—Computer science,1,['Josep  Domingo-Ferrer'],0,[]
283,Lidia  Sanchez Gonzalez,2007,Universidad de León,Spain,,68—Computer science,1,['Nicolai  Petkov'],0,[]
284,Miquel  Sànchez-Marrè,1996,Universitat Politècnica de Catalunya,Spain,DAI-DEPUR: An Integrated Supervisory Multi-Level Architecture for Wastewater Treatment Plants,68—Computer science,1,['Ulises  Cortés'],5,"['Ceccaroni, Luigi', 'Latifi, Majid', 'Nunez, Hector', 'Orduña, Fernando', 'Sevilla, Beatriz']"
285,Jose Angel Sanchez Martin,2021,Universidad Politécnica de Madrid,Spain,Networks in Natural Computing and Precision Medicine,68—Computer science,2,"['Victor  Mitrana', 'Ion  Petre']",0,[]
286,David  Sanchez-Pinsach,2020,Universidad Autónoma de Barcelona,Spain,Handling Missing Data in Clinical Decision Support,68—Computer science,1,['Josep-Lluis  Arcos'],0,[]
287,Javier  Sánchez-Reyes,1989,Universitat Politècnica de Catalunya,Spain,Diseño geométrico asistido por ordenador mediante superficies univaluadas,68—Computer science,1,['Joaquim  Agulló i Nadal'],3,"['Chacón, Jesús Miguel', 'Dorado, Rubén', 'Reyes Pozo, Guillermo']"
288,Eugenio Francisco Sanchez-Ubeda,1999,Universidad Pontificia Comillas,Spain,Models For Data Analysis: Contributions To Automatic Learning,68—Computer science,2,"['Louis  Wehenkel', 'Luis  Rouco']",0,[]
289,Fernando  Sancho Caparrini,2002,Universidad de Sevilla,Spain,Verificación de programas en modelos de computación no convencionales,68—Computer science,1,['Mario Jesús Pérez-Jiménez'],3,"['Almagro Blanco, Pedro', 'Cabrera Mendieta, Diego', 'Graciani Díaz, M. del Carmen']"
290,Alejandro  Sancho-Royo,1998,Universidad de Granada,Spain,Evaluacion de Estimulos con Caracteristicas Difusas,68—Computer science,1,['Jose Luis  Verdegay'],0,[]
291,Ramon  Sanguesa,1997,Universitat Politècnica de Catalunya,Spain,Learning Possibilistic Causal Networks from Data,68—Computer science,1,['Ulises  Cortés'],3,"['Chao, Isaac', 'Pujol, Josep-Maria', 'Roure, Josep']"
292,Julia  Sapiña,2017,Universitat Politècnica de València,Spain,Rewriting Logic Techniques for Program Analysis and Optimization,68—Computer science,2,"['María  Alpuente', 'Demis  Ballis']",0,[]
293,Mohammed  Sayed,2022,Universitat Rovira i Virgili,Spain,Developing Novel Criteria to Classify ARDS Severity using a Machine Learning Approach,68—Computer science,1,['David  Riano'],0,[]
294,Dragos Florin Sburlan,2006,Universidad de Sevilla,Spain,Promoting and Inhibiting Contexts in Membrane Computing,68—Computer science,2,"['Gheorghe  Păun', 'Mario Jesús Pérez-Jiménez']",0,[]
295,Marco  Schorlemmer,1999,Universitat Politècnica de Catalunya,Spain,On Specifying and Reasoning with Special Relations,68—Computer science,2,"['Jaume  Agustí-Cullell', 'Jordi  Levy']",3,"['Joseph, Sindhu', 'Koster, Andrew', 'Perreau de Pinninck, Adrian']"
296,Francesc  Sebé Feixas,2003,Universitat Politècnica de Catalunya,Spain,Transparent Protection of Data,68—Computer science,1,['Josep  Domingo-Ferrer'],2,"['Castellà-Roca, Jordi', 'Viejo, Alexandre']"
297,Maria  Serna,1990,Universitat Politècnica de Catalunya,Spain,The parallel Approximability of P-complete problems,68—Computer science,2,"['Joaquim  Gabarro', 'Paul George Spirakis']",0,[]
298,Oscar  Serradilla,2022,Mondragon Unibertsitatea,Spain,"Design and validation of a methodology to
implement data-driven predictive
maintenance in industrial environments",68—Computer science,1,['Urko  Zurutuza'],0,[]
299,Carles  Sierra,1989,Universitat Politècnica de Catalunya,Spain,MILORD: Multilevel Architecture for Classification Expert Systems,68—Computer science,1,['Ramon  Lopez de Mantaras'],17,"['Andrejczuk, Ewa', 'Bogdanovych, Anton', 'Busquets, Didac', 'Casali, Ana', 'De Jonge, Dave', 'Delgado, Maria del Carmen', 'Domingo, Marta', 'Esteva, Marc', 'Fabregues, Angela', 'Faratin, Peyman', 'Joseph, Sindhu', 'Noriega, Pablo', 'Perreau de Pinninck, Adrian', 'Ramchurn, Gopal', 'Rodriguez-Aguilar, Juan-Antonio', 'Sabater-Mir, Jordi', 'Vila, Lluis']"
300,Josep  Silva,2007,Universitat de València,Spain,"Debugging Techniques for Declarative Languages: Profiling, Program Slicing, and Algorithmic Debugging",68—Computer science,1,['German  Vidal'],0,[]
301,Agusti  Solanas,2007,Universitat Politècnica de Catalunya,Spain,Contributions to Privacy Protection in the Information Society,68—Computer science,2,"['Josep  Domingo-Ferrer', 'Josep Maria  Mateo-Sanz']",1,"['Trujillo-Rasua, Rolando']"
302,Oscar  Somarriba,2019,Mondragon Unibertsitatea,Spain,Dynamic monitoring of android malware behavior: a DNS-based approach,68—Computer science,2,"['Urko  Zurutuza', 'Roberto  Uribeetxeberria']",0,[]
303,Jordi  Soria-Comas,2013,Universitat Rovira i Virgili,Spain,Improving data utility in differential privacy and k-anonymity,68—Computer science,1,['Josep  Domingo-Ferrer'],1,"['Ricci, Sara']"
304,Héctor  Soza,2013,Universidad Politécnica de Madrid,Spain,Medidas de Calidad para Software Orientado a Agentes,68—Computer science,2,"['José  Fuertes', 'Löic  Martínez']",0,[]
305,Nataliia  Stuvola,2018,Universidad Politécnica de Madrid,Spain,Improving Run-time Checking in Dynamic Programming Languages,68—Computer science,2,"['José Francisco  Morales Caballero', 'Manuel V. Hermenegildo Salinas']",0,[]
306,Christopher  Thraves,2008,Universidad Rey Juan Carlos and Universidad de Chile,Spain,Performance of Scheduling Policies and Networks in Generalized Adversarial Queueing,68—Computer science,2,"['Antonio  Fernández Anta', 'Marcos  Kiwi']",0,[]
307,Karl  Thurnhofer Hemsi,2021,Universidad de Málaga,Spain,Robust computational intelligence techniques for visual information processing,68—Computer science,1,['Ezequiel  López Rubio'],0,[]
308,Cristina Bibire Tîrnăucă,2009,Universitat Rovira i Virgili,Spain,Language Learning with Correction Queries,68—Computer science,2,"['Colin  de la Higuera', 'Victor  Mitrana']",0,[]
309,Pancho  Tolchinsky,2012,Universitat Politècnica de Catalunya,Spain,ProCLAIM: An Argument-Based Model for Deliberating Over Safety Critical Actions,68—Computer science,1,['Ulises  Cortés'],0,[]
310,Vicenc  Torra,1994,Universitat Politècnica de Catalunya,Spain,Contribucio a l'Estudi de Funcions de Sintesi per a la Intelligencia Artificial,68—Computer science,2,"['Ulises  Cortés', 'Claudi  Alsina i Català']",6,"['Abril, Daniel', 'Casas, Jordi', 'Mares, Jordi', 'Nettleton, David', 'Nin, Jordi', 'Valls, Aida']"
311,Tomas  Trescak,2012,Universidad Autónoma de Barcelona,Spain,Intelligent Generation and Control of Interactive Virtual Worlds,68—Computer science,3,"['Marc  Esteva', 'Inmaculada  Rodriguez', 'Anton  Bogdanovych']",0,[]
312,José-Luis  Triviño,2002,Universidad de Málaga,Spain,Un nuevo modelo de aprendizaje para el estudio de secuencias de símbolos,68—Computer science,1,['Rafael  Morales-Bueno'],0,[]
313,Agustin  Trujillo,2004,Universidad de Las Palmas de Gran Canaria,Spain,"Localización de contornos con precisión sub-pixel en imágenes
bidimensionales y tridimensionales.",68—Computer science,1,['Luis  Álvarez'],1,"['Santana Núñez, José Miguel']"
314,Rolando  Trujillo-Rasua,2012,Universitat Rovira i Virgili,Spain,Privacy in RFID and mobile objects,68—Computer science,2,"['Agusti  Solanas', 'Josep  Domingo-Ferrer']",0,[]
315,Cristina  Urdiales,1999,Universidad de Málaga,Spain,Arquitectura de Control de Movimiento y Exploración para un Agente Autónomo Móvil (ACME),68—Computer science,1,['Francisco  Sandoval'],5,"['Ballesteros, Joaquin', 'de Trazegnies, Carmen', 'Fernández Carmona, Manuel', 'Perez, Eduardo', 'Valencia, Gabriel']"
316,Gabriel  Valencia,2003,Universidad de Málaga,Spain,Extracción jerárquica de regiones de una secuencia de video,68—Computer science,2,"['Cristina  Urdiales', 'Juan-Antonio  Rodriguez-Aguilar']",0,[]
317,Luis  Valencia-Cabrera,2015,Universidad de Sevilla,Spain,An environment for virtual experimentation with computational models based on P systems,68—Computer science,2,"['Mario Jesús Pérez-Jiménez', 'Agustín  Riscos-Núñez']",2,"['Macías-Ramos, Luis', 'Orellana-Martín, David']"
318,David  Valencia-Corrales,2010,Universidad de Extremadura,Spain,Estudio de patrones de computación y comunicación en algoritmos paralelos de tratamiento de imágenes multidimensionales sobre arquitecturas heterogéneas,68—Computer science,1,['Antonio  Plaza-Miguel'],0,[]
319,Aida  Valls,2002,Universitat Politècnica de Catalunya,Spain,ClusDM: A Multiple Criteria Decision Making Method for Heterogeneous Data Sets,68—Computer science,1,['Vicenc  Torra'],3,"['Batet, Montserrat', 'Borràs, Joan', 'Martínez-Lluís, Sergio']"
320,Agustin  Valverde Ramos,1998,Universidad de Málaga,Spain,Delta-Trees of Implicants and Implicates and Reductions of Signed Logics in ATPs,68—Computer science,2,"['Inmaculada  Pérez de Guzmán', 'Manuel  Ojeda-Aciego']",1,"['Medina Moreno, Jesús']"
321,Javier  Vazquez-Salceda,2003,Universitat Politècnica de Catalunya,Spain,The Role of Norms and Electronic Institutions in Multi-Agent Systems Applied to Complex Domains: The HARMONIA Framework,68—Computer science,1,['Ulises  Cortés'],3,"['Alvarez-Napagao, Sergio', 'Confalonieri, Roberto', 'Panagiotidi, Sofia']"
322,Oswaldo  Velez-langs,2011,Universidad Politécnica de Madrid,Spain,Propuesta de Adaptación de las Interfaces de Usuario Mediante la Computación Evolutiva,68—Computer science,1,['Angelica  de Antonio'],0,[]
323,Edmundo  Vergara-Moreno,1999,Universidad de Granada,Spain,Nuevos Criterios de Parada en Algoritmos de Optimización,68—Computer science,1,['Jose Luis  Verdegay'],0,[]
324,Carlos  Vicient,2015,Universitat Rovira i Virgili,Spain,Moving towards the Semantic Web - Enabling new technologies through the semantic annotation of social contents,68—Computer science,1,['Antonio  Moreno'],0,[]
325,German  Vidal,1996,Universitat Politècnica de València,Spain,Semantics-Based Analysis and Transformation of Functional Logic Programs,68—Computer science,1,['María  Alpuente'],4,"['Albert, Elvira', 'Moreno, Ginés', 'Ramos, J.Guadalupe', 'Silva, Josep']"
326,Alexandre  Viejo,2008,Universitat Rovira i Virgili,Spain,Security and Privacy Issues in some Special-Purpose Networks,68—Computer science,2,"['Francesc  Sebé Feixas', 'Josep  Domingo-Ferrer']",3,"['Imran Daud, Malik', 'Jardí-Cedó, Roger', 'Romero-Tris, Cristina']"
327,Lluis  Vila,1994,Universitat Politècnica de Catalunya,Spain,On Temporal Representation and Reasoning in Knowledge-Based Systems,68—Computer science,1,['Carles  Sierra'],0,[]
328,Alicia  Villanueva,2003,Universitat Politècnica de València,Spain,Model Checking for the Concurrent Constraint Paradigm,68—Computer science,2,"['María  Alpuente', 'Moreno  Falaschi']",1,"['Feliú Gabaldón, Marco']"
329,Mateu  Villaret,2004,Universitat Politècnica de Catalunya,Spain,On Some Variants of Second-Order Unification,68—Computer science,1,['Jordi  Levy'],0,[]
330,Daniel  Villatoro,2011,Universidad de Barcelona,Spain,Social Norms for Self-policing Multi-agent Systems and Virtual Societies,68—Computer science,1,['Jordi  Sabater-Mir'],0,[]
331,Meritxell  Vinyals,2011,Universidad Autónoma de Barcelona,Spain,Exploiting the Structure of Distributed Costraint Optimization Problems to Assess and Bound Coordination Actions in Multi-Agent Systems,68—Computer science,2,"['Juan-Antonio  Rodriguez-Aguilar', 'Jesus  Cerquides']",0,[]
332,Lei  Zhang,2010,Universitat Rovira i Virgili,Spain,Research on Security and Privacy in Vehicular Ad Hoc Networks,68—Computer science,2,"['Josep  Domingo-Ferrer', 'Qianhong  Wu']",0,[]
333,Urko  Zurutuza,2007,Mondragon Unibertsitatea,Spain,Data Mining Approaches for Analysis of Worm Activity Towards Automatic Signature Generation,68—Computer science,2,"['Diego Martin Zamboni', 'Roberto  Uribeetxeberria']",8,"['Ezpeleta, Enaitz', 'Fernandez-Anakabe, Javier', 'Garitano, Iñaki', 'Iturbe, Mikel', 'Izagirre, Unai', 'Lecuona, Inigo', 'Serradilla, Oscar', 'Somarriba, Oscar']"
